id,first_name,last_name,email,gender
1,Kitty,Richards,krichards0@apple.com,Female
2,Ximenez,Weldrick,xweldrick1@oaic.gov.au,Male
3,Domenico,McLagan,dmclagan2@nps.gov,Male
4,Mavra,Landsman,mlandsman3@cnbc.com,Female
5,Amelina,Camel,acamel4@scientificamerican.com,Female
6,Humfried,Adams,hadams5@usgs.gov,Male
7,Jack,Hannay,jhannay6@jalbum.net,Male
8,Butch,Haycroft,bhaycroft7@upenn.edu,Male
9,Jaquenetta,Lewin,jlewin8@storify.com,Female
10,Tait,Lenchenko,tlenchenko9@yolasite.com,Agender
11,Llywellyn,Sorrell,lsorrella@reuters.com,Genderfluid
12,Josefina,Lamar,jlamarb@jiathis.com,Bigender
13,Chuck,Rouff,crouffc@macromedia.com,Male
14,Caleb,Tesmond,ctesmondd@list-manage.com,Male
15,Heida,Crownshaw,hcrownshawe@about.me,Non-binary
16,Erie,Castelletto,ecastellettof@marketwatch.com,Male
17,Susana,Pegden,spegdeng@unicef.org,Female
18,Korry,Riggott,kriggotth@eepurl.com,Female
19,Guglielmo,Janu,gjanui@comcast.net,Male
20,Meghan,Lamerton,mlamertonj@eepurl.com,Bigender
21,Courtnay,De'Ath,cdeathk@friendfeed.com,Male
22,Kalil,Picard,kpicardl@phpbb.com,Male
23,Mallory,MacNulty,mmacnultym@sogou.com,Male
24,Kylila,Warboys,kwarboysn@smugmug.com,Female
25,Keene,Osbiston,kosbistono@pagesperso-orange.fr,Male
26,Jermaine,Sirman,jsirmanp@gravatar.com,Male
27,Graig,Welband,gwelbandq@stanford.edu,Genderqueer
28,Sophia,Bussel,sbusselr@1688.com,Female
29,Katha,Mowbury,kmowburys@yale.edu,Female
30,Swen,Rosoman,srosomant@sourceforge.net,Male
31,Lissy,Corck,lcorcku@naver.com,Female
32,Evelin,Spittles,espittlesv@macromedia.com,Genderfluid
33,Cherish,Balm,cbalmw@ftc.gov,Female
34,Trevor,Goning,tgoningx@wordpress.org,Male
35,Klemens,Riding,kridingy@bandcamp.com,Male
36,Germayne,Sends,gsendsz@ucoz.com,Male
37,Noelle,Caveney,ncaveney10@biglobe.ne.jp,Female
38,Nikolos,Ingree,ningree11@redcross.org,Genderfluid
39,Aurelie,Korb,akorb12@cnbc.com,Female
40,Zaccaria,Bilbery,zbilbery13@whitehouse.gov,Male
41,Marven,Haskur,mhaskur14@goo.ne.jp,Male
42,Dalston,Bertin,dbertin15@plala.or.jp,Male
43,Jaymie,Tree,jtree16@dell.com,Genderqueer
44,Amble,Doogan,adoogan17@weather.com,Male
45,Simonette,Jeeks,sjeeks18@bluehost.com,Female
46,Brittan,McLae,bmclae19@zimbio.com,Female
47,Dorelle,Darwin,ddarwin1a@webmd.com,Female
48,Karlie,Seston,kseston1b@berkeley.edu,Female
49,Roddie,Moir,rmoir1c@gnu.org,Male
50,Michele,Birkmyre,mbirkmyre1d@craigslist.org,Female
51,Gilberte,Cowitz,gcowitz1e@baidu.com,Female
52,Domini,Stalley,dstalley1f@fema.gov,Female
53,Stanley,Crump,scrump1g@sina.com.cn,Male
54,Cooper,Philott,cphilott1h@narod.ru,Male
55,Schuyler,Philliskirk,sphilliskirk1i@umich.edu,Male
56,Enrica,Soper,esoper1j@about.me,Female
57,Violette,Bresland,vbresland1k@blogtalkradio.com,Female
58,Anastasie,Giovanardi,agiovanardi1l@qq.com,Female
59,Ingrid,Tolomio,itolomio1m@soup.io,Female
60,Ham,Gilleon,hgilleon1n@apple.com,Male
61,Larisa,Muckleston,lmuckleston1o@google.co.jp,Female
62,Sigfrid,Ludewig,sludewig1p@gnu.org,Male
63,Sam,Filtness,sfiltness1q@cdbaby.com,Female
64,Vinnie,Cranke,vcranke1r@google.es,Male
65,Oralla,Ashby,oashby1s@berkeley.edu,Bigender
66,Emory,Matzeitis,ematzeitis1t@geocities.com,Male
67,Naomi,Millier,nmillier1u@mtv.com,Female
68,Lancelot,McNea,lmcnea1v@netvibes.com,Male
69,Claudina,Noller,cnoller1w@fastcompany.com,Female
70,Leonie,Lomasny,llomasny1x@bloglovin.com,Female
71,Nikolas,Allsupp,nallsupp1y@moonfruit.com,Male
72,Salvador,Simonnin,ssimonnin1z@blogger.com,Male
73,Julio,Wilsee,jwilsee20@altervista.org,Male
74,Alex,Borsay,aborsay21@fema.gov,Female
75,Florance,Marskell,fmarskell22@quantcast.com,Female
76,Aguie,Annell,aannell23@devhub.com,Male
77,North,Chidler,nchidler24@privacy.gov.au,Male
78,Ardyce,Gyurko,agyurko25@smh.com.au,Female
79,Andris,Land,aland26@senate.gov,Male
80,Filmore,Hanscom,fhanscom27@webeden.co.uk,Genderfluid
81,Hilda,Fairleigh,hfairleigh28@hao123.com,Female
82,Johnath,Demko,jdemko29@harvard.edu,Female
83,Anett,Monkleigh,amonkleigh2a@github.io,Female
84,Jacklin,Gonsalvo,jgonsalvo2b@imdb.com,Female
85,Koressa,Itzakovitz,kitzakovitz2c@instagram.com,Female
86,Wash,Youel,wyouel2d@gravatar.com,Male
87,Hubie,Labb,hlabb2e@abc.net.au,Genderfluid
88,Jerad,Blount,jblount2f@creativecommons.org,Polygender
89,Abdel,Ruskin,aruskin2g@vistaprint.com,Male
90,Kelly,Newe,knewe2h@typepad.com,Female
91,Adela,Siggers,asiggers2i@umn.edu,Female
92,Thorn,Herkess,therkess2j@springer.com,Male
93,Rodolphe,Lamzed,rlamzed2k@hostgator.com,Male
94,Yuri,Sainz,ysainz2l@google.fr,Genderqueer
95,Andy,Ready,aready2m@tripod.com,Male
96,Arron,Spowart,aspowart2n@wsj.com,Male
97,Mitchell,Jiggens,mjiggens2o@salon.com,Genderqueer
98,Ceciley,Quelch,cquelch2p@hubpages.com,Bigender
99,Dorry,Haydney,dhaydney2q@mozilla.com,Female
100,Annette,Wallbanks,awallbanks2r@ftc.gov,Polygender
101,Kippy,Sapey,ksapey2s@wufoo.com,Agender
102,Selma,Tythe,stythe2t@nyu.edu,Genderqueer
103,Rayshell,Kardos-Stowe,rkardosstowe2u@phoca.cz,Female
104,Selena,Leask,sleask2v@mac.com,Bigender
105,Auberon,Pygott,apygott2w@netlog.com,Male
106,Kilian,Chillingsworth,kchillingsworth2x@time.com,Male
107,Berna,Witheridge,bwitheridge2y@home.pl,Female
108,Neall,Izat,nizat2z@istockphoto.com,Male
109,Emelen,Alfonsetto,ealfonsetto30@nps.gov,Male
110,Parker,Hasser,phasser31@trellian.com,Male
111,Bambie,Wilbore,bwilbore32@ow.ly,Female
112,Tann,Bush,tbush33@engadget.com,Male
113,Vasilis,Swapp,vswapp34@dagondesign.com,Male
114,Patrice,Ricardet,pricardet35@harvard.edu,Male
115,Catlin,Ellsbury,cellsbury36@woothemes.com,Female
116,Charisse,Fishpool,cfishpool37@1688.com,Genderqueer
117,Walt,Nother,wnother38@squidoo.com,Male
118,Derril,Owthwaite,dowthwaite39@ox.ac.uk,Male
119,Kordula,Williscroft,kwilliscroft3a@ebay.com,Female
120,Raffaello,Marquez,rmarquez3b@delicious.com,Male
121,Shannan,Maylin,smaylin3c@dot.gov,Male
122,Claude,Sunter,csunter3d@macromedia.com,Female
123,Angeline,Game,agame3e@google.ru,Female
124,Pren,Kingzet,pkingzet3f@msu.edu,Male
125,Cameron,Blackaller,cblackaller3g@dailymotion.com,Male
126,Sumner,Scraney,sscraney3h@weibo.com,Male
127,Tova,Puig,tpuig3i@home.pl,Female
128,Damian,Totterdell,dtotterdell3j@dailymotion.com,Male
129,Normie,Tolworthy,ntolworthy3k@netvibes.com,Male
130,Reena,Salvati,rsalvati3l@yahoo.co.jp,Female
131,Maximilianus,Markus,mmarkus3m@soundcloud.com,Male
132,Clarissa,Gerretsen,cgerretsen3n@joomla.org,Female
133,Dougie,Cutforth,dcutforth3o@de.vu,Male
134,Garth,Boutell,gboutell3p@cpanel.net,Male
135,Warner,Astill,wastill3q@smh.com.au,Bigender
136,Pieter,Froud,pfroud3r@amazonaws.com,Male
137,Kristina,Brugsma,kbrugsma3s@blogtalkradio.com,Female
138,Nan,Geard,ngeard3t@wufoo.com,Female
139,Carlyn,Vashchenko,cvashchenko3u@eventbrite.com,Female
140,Kermit,Rantoul,krantoul3v@japanpost.jp,Bigender
141,Tally,Burney,tburney3w@reference.com,Female
142,Jan,Pennyman,jpennyman3x@dyndns.org,Male
143,Christy,Collyer,ccollyer3y@weebly.com,Male
144,Riordan,Tuppeny,rtuppeny3z@tripod.com,Male
145,Adelaide,Haverson,ahaverson40@cloudflare.com,Female
146,Querida,Navan,qnavan41@csmonitor.com,Female
147,Gunilla,Pfeffle,gpfeffle42@booking.com,Female
148,Dominique,Stables,dstables43@infoseek.co.jp,Male
149,Lodovico,Ketchaside,lketchaside44@typepad.com,Male
150,Aymer,Beardwood,abeardwood45@creativecommons.org,Male
151,Hedwig,Claisse,hclaisse46@who.int,Female
152,Rosa,Lamborne,rlamborne47@squidoo.com,Female
153,Nata,Vaune,nvaune48@spotify.com,Female
154,Patsy,Le Gassick,plegassick49@whitehouse.gov,Male
155,Webster,Humbles,whumbles4a@chronoengine.com,Male
156,Aylmer,Boskell,aboskell4b@wix.com,Bigender
157,Ann-marie,Frankcombe,afrankcombe4c@jimdo.com,Female
158,Phaidra,Tomei,ptomei4d@unesco.org,Female
159,Shanon,Morrallee,smorrallee4e@deviantart.com,Female
160,Maude,Gillet,mgillet4f@phoca.cz,Female
161,Gisela,Sidry,gsidry4g@skype.com,Female
162,Nataline,Lagde,nlagde4h@ihg.com,Female
163,Benoite,Westbrook,bwestbrook4i@vk.com,Female
164,Nissa,Risso,nrisso4j@wired.com,Female
165,Goldi,Katzmann,gkatzmann4k@gizmodo.com,Female
166,Kristos,Cheers,kcheers4l@ifeng.com,Male
167,Beckie,Camidge,bcamidge4m@liveinternet.ru,Female
168,Vera,Huikerby,vhuikerby4n@canalblog.com,Genderfluid
169,Emilio,Fenelow,efenelow4o@seattletimes.com,Male
170,Carrie,Ogus,cogus4p@typepad.com,Female
171,Bambie,Sarl,bsarl4q@china.com.cn,Female
172,Hillie,Barcke,hbarcke4r@hugedomains.com,Male
173,Devy,De Domenico,ddedomenico4s@sina.com.cn,Male
174,Jinny,Shegog,jshegog4t@rakuten.co.jp,Female
175,Shellie,Matashkin,smatashkin4u@list-manage.com,Female
176,Amye,Plante,aplante4v@instagram.com,Female
177,Raynard,Napleton,rnapleton4w@nydailynews.com,Male
178,Susana,Matessian,smatessian4x@exblog.jp,Female
179,Linet,Oppy,loppy4y@jiathis.com,Female
180,Talyah,Cremins,tcremins4z@dion.ne.jp,Female
181,Chloris,Pringuer,cpringuer50@disqus.com,Female
182,Robenia,Cordobes,rcordobes51@cdc.gov,Female
183,Valle,Pear,vpear52@twitpic.com,Male
184,Leigha,Lattka,llattka53@g.co,Female
185,Ceciley,Springtorp,cspringtorp54@bigcartel.com,Female
186,Eachelle,Gadman,egadman55@paginegialle.it,Female
187,Clair,Kilcoyne,ckilcoyne56@un.org,Male
188,Elwyn,Banaszewski,ebanaszewski57@prnewswire.com,Male
189,Amberly,Postans,apostans58@phpbb.com,Female
190,Pierrette,Wallice,pwallice59@sun.com,Female
191,Sergeant,Gennerich,sgennerich5a@linkedin.com,Male
192,Hammad,Honeywood,hhoneywood5b@google.it,Male
193,Kiele,Newbury,knewbury5c@bloomberg.com,Female
194,Hortense,Eyden,heyden5d@prweb.com,Female
195,Gaby,Ivantsov,givantsov5e@accuweather.com,Male
196,Dodie,Tingey,dtingey5f@dmoz.org,Genderfluid
197,Mayer,Mersh,mmersh5g@yahoo.com,Male
198,James,Reneke,jreneke5h@diigo.com,Male
199,Zebadiah,Wadelin,zwadelin5i@360.cn,Male
200,Haleigh,Gonthier,hgonthier5j@about.me,Female
201,Randolph,Kleinmann,rkleinmann5k@netvibes.com,Male
202,Judd,Perris,jperris5l@usgs.gov,Male
203,Drona,Birkenshaw,dbirkenshaw5m@ocn.ne.jp,Female
204,Burlie,Brightman,bbrightman5n@hostgator.com,Male
205,Kahlil,Coldbath,kcoldbath5o@weibo.com,Male
206,Kit,Conyard,kconyard5p@tripod.com,Male
207,Britte,Wyllie,bwyllie5q@mail.ru,Female
208,Averell,Regi,aregi5r@columbia.edu,Male
209,Mack,Bolsteridge,mbolsteridge5s@i2i.jp,Male
210,Odey,Carney,ocarney5t@baidu.com,Male
211,Herminia,Coe,hcoe5u@baidu.com,Female
212,Yorker,Briddle,ybriddle5v@blogtalkradio.com,Male
213,Corina,Highnam,chighnam5w@pcworld.com,Female
214,Delmer,Eslie,deslie5x@forbes.com,Male
215,Emory,Tutill,etutill5y@yale.edu,Male
216,Vic,Jenicek,vjenicek5z@mapquest.com,Male
217,Justin,Chasmar,jchasmar60@ihg.com,Male
218,Normy,Cristou,ncristou61@devhub.com,Male
219,Imogene,Sabathier,isabathier62@com.com,Female
220,Elnora,Kettel,ekettel63@slashdot.org,Female
221,Bee,Dacombe,bdacombe64@seesaa.net,Female
222,Zacharia,Till,ztill65@wiley.com,Bigender
223,Ilse,Marrington,imarrington66@nationalgeographic.com,Female
224,Boony,Willingam,bwillingam67@comsenz.com,Male
225,Holmes,Brisker,hbrisker68@boston.com,Male
226,Trenton,Crayke,tcrayke69@is.gd,Polygender
227,Shane,Bricket,sbricket6a@google.ca,Male
228,Jamima,Loncaster,jloncaster6b@vkontakte.ru,Bigender
229,Sadye,McCard,smccard6c@google.com.br,Female
230,Marillin,Leyban,mleyban6d@a8.net,Non-binary
231,Leyla,Nutley,lnutley6e@ca.gov,Female
232,Hadleigh,Braxay,hbraxay6f@lycos.com,Male
233,Janeva,Aisthorpe,jaisthorpe6g@hao123.com,Female
234,Sacha,Bazelle,sbazelle6h@ted.com,Genderfluid
235,Ardeen,Fairbourne,afairbourne6i@hibu.com,Female
236,Alaric,Phelips,aphelips6j@mtv.com,Male
237,Salem,Spink,sspink6k@mayoclinic.com,Male
238,Rosanna,Tregunna,rtregunna6l@prnewswire.com,Female
239,Brock,Daniau,bdaniau6m@kickstarter.com,Male
240,Nadeen,Stede,nstede6n@dailymotion.com,Female
241,Ruttger,Eayres,reayres6o@behance.net,Male
242,Missie,Eccleshare,meccleshare6p@etsy.com,Female
243,Briano,Fitzsymon,bfitzsymon6q@altervista.org,Male
244,Roseanne,Reasce,rreasce6r@ycombinator.com,Female
245,June,Divers,jdivers6s@google.com.hk,Genderqueer
246,Swen,Looby,slooby6t@com.com,Male
247,Pauly,Freebury,pfreebury6u@so-net.ne.jp,Male
248,Corena,Breakey,cbreakey6v@usda.gov,Female
249,Hartwell,Mayworth,hmayworth6w@independent.co.uk,Male
250,Cordelia,Messenger,cmessenger6x@house.gov,Female
251,Shani,Stonham,sstonham6y@mit.edu,Female
252,Saundra,Gillian,sgillian6z@woothemes.com,Male
253,Wilmer,Conrard,wconrard70@army.mil,Polygender
254,Eran,Parmer,eparmer71@people.com.cn,Female
255,Florella,Babonau,fbabonau72@drupal.org,Female
256,Davide,Lacelett,dlacelett73@github.com,Male
257,Corina,Mowat,cmowat74@time.com,Female
258,Ruben,Cake,rcake75@si.edu,Male
259,Etti,Hatton,ehatton76@cloudflare.com,Female
260,April,Muller,amuller77@webmd.com,Polygender
261,Karyl,Moret,kmoret78@engadget.com,Female
262,Zelig,Broek,zbroek79@typepad.com,Male
263,Emlen,Simko,esimko7a@joomla.org,Male
264,Dawn,Lacroix,dlacroix7b@google.es,Female
265,Celestyna,Morgan,cmorgan7c@csmonitor.com,Female
266,Worthy,Marion,wmarion7d@multiply.com,Male
267,Hagen,Macauley,hmacauley7e@theatlantic.com,Male
268,Christen,Matovic,cmatovic7f@soup.io,Female
269,Sophronia,Grzegorek,sgrzegorek7g@google.de,Female
270,Sinclair,Brosnan,sbrosnan7h@wisc.edu,Male
271,Nataline,Duester,nduester7i@addtoany.com,Female
272,Harper,Pixton,hpixton7j@reuters.com,Male
273,Marian,Ledgeway,mledgeway7k@who.int,Non-binary
274,Emmalyn,Bunford,ebunford7l@purevolume.com,Female
275,Thurstan,Unitt,tunitt7m@oracle.com,Male
276,Suzette,Tinghill,stinghill7n@ifeng.com,Female
277,Vivi,Pudsey,vpudsey7o@shop-pro.jp,Female
278,Odo,Sallter,osallter7p@skype.com,Male
279,Liza,Halwood,lhalwood7q@ucoz.ru,Female
280,Berkley,Hollebon,bhollebon7r@bbc.co.uk,Male
281,Shannan,O'Neal,soneal7s@sfgate.com,Male
282,Finn,Dutnell,fdutnell7t@ca.gov,Male
283,Giorgi,Snell,gsnell7u@dmoz.org,Male
284,Bettina,Drummond,bdrummond7v@acquirethisname.com,Female
285,Veronica,Hook,vhook7w@opensource.org,Female
286,Dory,Maplesden,dmaplesden7x@tuttocitta.it,Female
287,Maible,Paolini,mpaolini7y@gmpg.org,Female
288,Elwood,Pietroni,epietroni7z@cyberchimps.com,Male
289,Glendon,Dumbarton,gdumbarton80@google.co.uk,Male
290,Raphael,Ygou,rygou81@stanford.edu,Male
291,Leonora,Spaducci,lspaducci82@usda.gov,Female
292,Rolando,Checketts,rchecketts83@answers.com,Male
293,Cami,Cominetti,ccominetti84@bloglines.com,Female
294,Franzen,Todeo,ftodeo85@trellian.com,Male
295,Lexie,Kleeman,lkleeman86@webnode.com,Female
296,Osbert,Malkie,omalkie87@newyorker.com,Male
297,Osbert,Pinchin,opinchin88@linkedin.com,Male
298,Parke,Coan,pcoan89@creativecommons.org,Non-binary
299,Lulu,Keizman,lkeizman8a@quantcast.com,Female
300,Renate,Naden,rnaden8b@biglobe.ne.jp,Female
301,Lurline,Kirkbright,lkirkbright8c@nasa.gov,Female
302,Lee,Skeen,lskeen8d@phoca.cz,Male
303,Electra,Ricciardiello,ericciardiello8e@a8.net,Female
304,Orren,Igglesden,oigglesden8f@quantcast.com,Male
305,Natalya,Boast,nboast8g@google.es,Female
306,Stephen,Shawdforth,sshawdforth8h@1und1.de,Male
307,Reinaldo,Alvarado,ralvarado8i@admin.ch,Male
308,Camala,Selly,cselly8j@theguardian.com,Female
309,Padraig,Rosellini,prosellini8k@irs.gov,Male
310,Noah,Toppas,ntoppas8l@ox.ac.uk,Polygender
311,Jacquelyn,Dunsire,jdunsire8m@fotki.com,Female
312,Kiley,McGonigal,kmcgonigal8n@networkadvertising.org,Female
313,Alix,Wackley,awackley8o@people.com.cn,Female
314,Opalina,Ravilious,oravilious8p@bizjournals.com,Female
315,Heriberto,Scardafield,hscardafield8q@reverbnation.com,Agender
316,Nicko,Schuchmacher,nschuchmacher8r@twitter.com,Male
317,Meredeth,Goare,mgoare8s@themeforest.net,Male
318,Alfy,McGoldrick,amcgoldrick8t@lycos.com,Female
319,Hilliard,Storks,hstorks8u@istockphoto.com,Male
320,Dorelia,Bertwistle,dbertwistle8v@wordpress.org,Female
321,Samson,Fransson,sfransson8w@over-blog.com,Male
322,Jolene,Shelvey,jshelvey8x@toplist.cz,Female
323,Gwyneth,Kembley,gkembley8y@geocities.com,Female
324,Salome,Durrans,sdurrans8z@macromedia.com,Female
325,Lucais,Orteaux,lorteaux90@nyu.edu,Male
326,Farlie,Leggis,fleggis91@wikia.com,Male
327,Ulrich,Andrichak,uandrichak92@shareasale.com,Male
328,Cirstoforo,Cornejo,ccornejo93@sphinn.com,Male
329,Milty,Fisbburne,mfisbburne94@ifeng.com,Male
330,Mauricio,Maior,mmaior95@europa.eu,Male
331,Blanca,Zupa,bzupa96@comcast.net,Female
332,Vernor,Hartwright,vhartwright97@java.com,Male
333,Kelly,Vasishchev,kvasishchev98@java.com,Female
334,Maddalena,Garfirth,mgarfirth99@yandex.ru,Female
335,Herrick,Tobin,htobin9a@ow.ly,Male
336,Hamilton,Waylen,hwaylen9b@artisteer.com,Male
337,Guilbert,Stadding,gstadding9c@shinystat.com,Male
338,Meir,Foster-Smith,mfostersmith9d@statcounter.com,Male
339,Silva,Sneesbie,ssneesbie9e@gizmodo.com,Female
340,Tiff,Khrishtafovich,tkhrishtafovich9f@nbcnews.com,Female
341,Papageno,Kliement,pkliement9g@deliciousdays.com,Polygender
342,Porter,Doughtery,pdoughtery9h@unicef.org,Male
343,Ryley,Aldwich,raldwich9i@parallels.com,Male
344,Sascha,Glasscoe,sglasscoe9j@statcounter.com,Male
345,Aundrea,Perkin,aperkin9k@rediff.com,Female
346,Lorine,Bedo,lbedo9l@unblog.fr,Female
347,Bria,Caustick,bcaustick9m@ask.com,Female
348,Ethelred,Olivello,eolivello9n@phpbb.com,Male
349,Magdalene,Di Matteo,mdimatteo9o@livejournal.com,Female
350,Atalanta,Hudel,ahudel9p@bluehost.com,Female
351,Charlotte,Banks,cbanks9q@virginia.edu,Genderfluid
352,Talyah,Lindop,tlindop9r@jiathis.com,Female
353,Benny,Sneesbie,bsneesbie9s@paginegialle.it,Female
354,Dale,Drewitt,ddrewitt9t@g.co,Female
355,Carmen,Towlson,ctowlson9u@trellian.com,Female
356,Cristobal,Oliffe,coliffe9v@constantcontact.com,Male
357,Riley,Rioch,rrioch9w@irs.gov,Male
358,Cori,Skirvin,cskirvin9x@answers.com,Female
359,Astra,Norley,anorley9y@businessinsider.com,Female
360,Yancey,Everard,yeverard9z@angelfire.com,Male
361,Gail,Husby,ghusbya0@linkedin.com,Male
362,Bonnie,Ayrs,bayrsa1@epa.gov,Female
363,Claudelle,Mynett,cmynetta2@typepad.com,Female
364,Electra,New,enewa3@hatena.ne.jp,Female
365,Zacharie,Freestone,zfreestonea4@indiatimes.com,Male
366,Bria,Sherrett,bsherretta5@wsj.com,Bigender
367,Aggi,Acland,aaclanda6@hhs.gov,Female
368,Karena,Andrus,kandrusa7@cpanel.net,Female
369,Winona,Klima,wklimaa8@xing.com,Female
370,Del,Ingley,dingleya9@shareasale.com,Male
371,Caresa,Parry,cparryaa@usatoday.com,Female
372,Denise,Leonard,dleonardab@nifty.com,Female
373,Cos,Drews,cdrewsac@cargocollective.com,Male
374,Prue,Gianneschi,pgianneschiad@yellowpages.com,Female
375,Zerk,Sharpin,zsharpinae@artisteer.com,Male
376,Milicent,Beere,mbeereaf@pbs.org,Female
377,Constanta,Abbett,cabbettag@reuters.com,Female
378,Dex,Shenton,dshentonah@icq.com,Bigender
379,Pooh,Paolo,ppaoloai@com.com,Male
380,Carey,Easson,ceassonaj@boston.com,Male
381,Bren,Dowsett,bdowsettak@instagram.com,Male
382,Shandra,Folling,sfollingal@sphinn.com,Female
383,Loretta,Forbear,lforbearam@etsy.com,Female
384,Cherey,Turri,cturrian@163.com,Female
385,Wilton,Bust,wbustao@webmd.com,Male
386,Flss,Palfreeman,fpalfreemanap@salon.com,Female
387,Jorrie,Stuke,jstukeaq@huffingtonpost.com,Non-binary
388,Flemming,Halpine,fhalpinear@canalblog.com,Male
389,Vinny,Frosch,vfroschas@amazon.com,Male
390,Abby,Mathonnet,amathonnetat@ebay.co.uk,Male
391,Chlo,Eley,celeyau@zimbio.com,Female
392,Gwendolen,Puleston,gpulestonav@nydailynews.com,Female
393,Franky,Roubeix,froubeixaw@hexun.com,Female
394,Babbie,Baltzar,bbaltzarax@jalbum.net,Female
395,Fanechka,Alten,faltenay@godaddy.com,Female
396,Hildegaard,Clampe,hclampeaz@mashable.com,Female
397,Noreen,Pattle,npattleb0@opensource.org,Female
398,Basia,Pugh,bpughb1@un.org,Female
399,Nike,Morston,nmorstonb2@dion.ne.jp,Female
400,Farly,Moorhead,fmoorheadb3@surveymonkey.com,Male
401,Helyn,Wilgar,hwilgarb4@plala.or.jp,Female
402,Fonz,Challiner,fchallinerb5@ovh.net,Male
403,Amery,Voff,avoffb6@stumbleupon.com,Male
404,Felicle,Lepper,flepperb7@example.com,Female
405,Scotti,Cicculi,scicculib8@wisc.edu,Male
406,Queenie,Klehn,qklehnb9@t.co,Female
407,Winonah,Kegg,wkeggba@howstuffworks.com,Female
408,Hobie,Guenther,hguentherbb@house.gov,Male
409,Maryann,Kelledy,mkelledybc@aol.com,Female
410,Anna,Normanton,anormantonbd@boston.com,Female
411,Maurits,Palser,mpalserbe@google.ru,Male
412,Samaria,Hawkeridge,shawkeridgebf@ezinearticles.com,Female
413,Paola,Huffadine,phuffadinebg@icio.us,Female
414,Roselin,Avrahm,ravrahmbh@springer.com,Female
415,Gerry,Cowdery,gcowderybi@pbs.org,Agender
416,Dotti,Laddle,dladdlebj@vimeo.com,Female
417,Sheffy,Tosspell,stosspellbk@jimdo.com,Male
418,Yanaton,Fortie,yfortiebl@elegantthemes.com,Male
419,Nata,Pedrollo,npedrollobm@sciencedaily.com,Female
420,Christoffer,Monteaux,cmonteauxbn@sciencedirect.com,Male
421,Riobard,McKee,rmckeebo@mapy.cz,Male
422,Lucius,Findlater,lfindlaterbp@about.com,Male
423,Sutherland,Lemery,slemerybq@cnn.com,Male
424,Martino,Donaho,mdonahobr@devhub.com,Male
425,Emmett,Bachanski,ebachanskibs@uol.com.br,Male
426,Sheffie,Thresh,sthreshbt@vimeo.com,Male
427,Emmerich,Howgate,ehowgatebu@canalblog.com,Male
428,Rosene,McMurdo,rmcmurdobv@lycos.com,Polygender
429,Baxie,Blue,bbluebw@vinaora.com,Male
430,Frazer,Edlyne,fedlynebx@reuters.com,Male
431,Jedediah,Patek,jpatekby@noaa.gov,Male
432,Abbott,Hugonneau,ahugonneaubz@newsvine.com,Male
433,Kara-lynn,Altoft,kaltoftc0@indiegogo.com,Female
434,Darsie,Fissenden,dfissendenc1@phpbb.com,Female
435,Vikki,Poolton,vpooltonc2@ning.com,Polygender
436,West,Joannic,wjoannicc3@gizmodo.com,Male
437,Locke,Franz,lfranzc4@a8.net,Male
438,Alane,Grannell,agrannellc5@wsj.com,Female
439,Ibby,Lutwidge,ilutwidgec6@blinklist.com,Female
440,Vivie,Manley,vmanleyc7@skyrock.com,Female
441,Melodie,Gregan,mgreganc8@constantcontact.com,Female
442,Kayley,Coll,kcollc9@lulu.com,Female
443,Birgit,Kiera,bkieraca@statcounter.com,Female
444,Philippine,Harmant,pharmantcb@opera.com,Female
445,Christel,Rafferty,craffertycc@jimdo.com,Female
446,Debbi,Dury,ddurycd@google.com,Female
447,Sylvan,Bondy,sbondyce@zimbio.com,Male
448,Haily,Maty,hmatycf@moonfruit.com,Female
449,Max,Stirgess,mstirgesscg@newsvine.com,Male
450,Aleen,Hardstaff,ahardstaffch@friendfeed.com,Female
451,Camella,Lafranconi,clafranconici@prnewswire.com,Female
452,Galven,Sprouls,gsproulscj@surveymonkey.com,Male
453,Kittie,Rudgard,krudgardck@cargocollective.com,Female
454,Tuckie,de Amaya,tdeamayacl@skype.com,Male
455,Matthiew,Shearsby,mshearsbycm@flavors.me,Male
456,Lem,Marde,lmardecn@opera.com,Male
457,Hobard,Grima,hgrimaco@xrea.com,Male
458,Edouard,Polack,epolackcp@accuweather.com,Male
459,Bamby,Lande,blandecq@google.com.br,Female
460,Charla,Costanza,ccostanzacr@msu.edu,Female
461,Vonnie,Room,vroomcs@wp.com,Female
462,Shelli,Crate,scratect@vk.com,Female
463,Moina,Rodie,mrodiecu@surveymonkey.com,Female
464,Tessa,Coolson,tcoolsoncv@china.com.cn,Female
465,Fawnia,Bonnar,fbonnarcw@adobe.com,Female
466,Hali,Habbes,hhabbescx@de.vu,Female
467,Myrtle,Burgwin,mburgwincy@macromedia.com,Genderqueer
468,Artemis,Croucher,acrouchercz@indiatimes.com,Bigender
469,Shirleen,Tanguy,stanguyd0@state.gov,Female
470,Jake,Di Napoli,jdinapolid1@fda.gov,Male
471,Timmie,Chillingworth,tchillingworthd2@marriott.com,Male
472,Sonnie,Witchell,switchelld3@dion.ne.jp,Female
473,Ailis,Valencia,avalenciad4@google.de,Female
474,Mair,Moehle,mmoehled5@histats.com,Female
475,Gino,Maskell,gmaskelld6@rambler.ru,Male
476,Ruthie,Gibben,rgibbend7@gmpg.org,Female
477,Guntar,Dosdill,gdosdilld8@webeden.co.uk,Male
478,Zara,Undrell,zundrelld9@booking.com,Female
479,Shalom,Delagnes,sdelagnesda@altervista.org,Male
480,Ermina,Conyard,econyarddb@opera.com,Female
481,Radcliffe,Le Leu,rleleudc@example.com,Male
482,Adrianne,Avarne,aavarnedd@biblegateway.com,Female
483,Cynthie,Croasdale,ccroasdalede@addtoany.com,Female
484,Juline,Giorio,jgioriodf@paypal.com,Female
485,Dolf,Hubane,dhubanedg@flickr.com,Male
486,Gabriell,Assinder,gassinderdh@epa.gov,Polygender
487,Kyrstin,Ashcroft,kashcroftdi@adobe.com,Female
488,Piotr,Fahy,pfahydj@yolasite.com,Male
489,Sylvester,Stoney,sstoneydk@51.la,Male
490,Katti,Muscat,kmuscatdl@i2i.jp,Female
491,Briney,Pringuer,bpringuerdm@elpais.com,Female
492,Malynda,Harmond,mharmonddn@chicagotribune.com,Female
493,Peggy,Phizacklea,pphizackleado@vinaora.com,Female
494,Karel,Nix,knixdp@miibeian.gov.cn,Female
495,Ronnie,McIlvenny,rmcilvennydq@amazon.co.jp,Male
496,Jessi,Rawe,jrawedr@cbsnews.com,Female
497,Carie,Rennison,crennisonds@tamu.edu,Female
498,Erwin,Aburrow,eaburrowdt@kickstarter.com,Genderfluid
499,Pooh,Goult,pgoultdu@mit.edu,Female
500,Shelton,Ralfe,sralfedv@opensource.org,Male
501,Glennis,Narrie,gnarriedw@slideshare.net,Female
502,Doug,Veysey,dveyseydx@yellowpages.com,Male
503,Jaymee,Luxford,jluxforddy@google.fr,Female
504,Rickey,Stelfox,rstelfoxdz@cmu.edu,Male
505,Shelba,Siviour,ssivioure0@youtube.com,Female
506,Aggi,Ferraresi,aferraresie1@nytimes.com,Female
507,Nichole,Harbard,nharbarde2@printfriendly.com,Female
508,Becki,Maso,bmasoe3@msu.edu,Non-binary
509,Lanette,Rubinowitch,lrubinowitche4@bravesites.com,Female
510,Adrianna,McCrostie,amccrostiee5@foxnews.com,Female
511,Donall,Mawby,dmawbye6@tmall.com,Male
512,Ly,LAbbet,llabbete7@miitbeian.gov.cn,Male
513,Deeanne,Shimoni,dshimonie8@w3.org,Female
514,Hendrick,Dewitt,hdewitte9@alibaba.com,Genderfluid
515,Simon,Dorkens,sdorkensea@nydailynews.com,Male
516,Ahmad,Thomassen,athomasseneb@earthlink.net,Male
517,Ely,McElroy,emcelroyec@census.gov,Male
518,Kort,Phillipps,kphillippsed@php.net,Male
519,Juanita,Marousek,jmarousekee@rambler.ru,Female
520,Gabi,Shepperd,gshepperdef@senate.gov,Female
521,Micheil,Oland,molandeg@flickr.com,Male
522,Luciana,Wagen,lwageneh@blogs.com,Female
523,Renato,Carlson,rcarlsonei@mashable.com,Male
524,Janet,Somes,jsomesej@moonfruit.com,Agender
525,Paco,L'Homme,plhommeek@techcrunch.com,Male
526,Reade,Thiem,rthiemel@alexa.com,Male
527,Waldemar,Spadollini,wspadolliniem@paypal.com,Male
528,Tessa,Eliassen,teliassenen@fema.gov,Bigender
529,Marlo,Houlridge,mhoulridgeeo@arizona.edu,Male
530,Oswell,Nunnerley,onunnerleyep@vk.com,Male
531,Arthur,Hanks,ahankseq@aol.com,Male
532,Dolf,Weich,dweicher@imgur.com,Male
533,Lawrence,Dechelle,ldechellees@sciencedirect.com,Male
534,Marci,Hoppner,mhoppneret@ustream.tv,Non-binary
535,Erek,Twells,etwellseu@ezinearticles.com,Male
536,Dolli,Fevers,dfeversev@instagram.com,Female
537,Patton,Dugood,pdugoodew@1688.com,Male
538,Homerus,Knight,hknightex@jugem.jp,Male
539,Christalle,Townsley,ctownsleyey@nifty.com,Female
540,Heath,Beadnell,hbeadnellez@nymag.com,Female
541,Tonnie,Kivelhan,tkivelhanf0@tinypic.com,Male
542,Kelbee,Josephs,kjosephsf1@sciencedirect.com,Male
543,Sancho,Haliburn,shaliburnf2@ask.com,Male
544,Renee,Meins,rmeinsf3@reddit.com,Female
545,Abbe,Grayshan,agrayshanf4@nasa.gov,Female
546,Sanders,Dotson,sdotsonf5@npr.org,Male
547,Bondon,Sillito,bsillitof6@yandex.ru,Male
548,Marilee,Ahmad,mahmadf7@usnews.com,Female
549,Deina,Clevely,dclevelyf8@bbc.co.uk,Female
550,Edlin,Toffaloni,etoffalonif9@nbcnews.com,Male
551,Shelli,Mulholland,smulhollandfa@google.es,Female
552,Sayer,Dudleston,sdudlestonfb@drupal.org,Male
553,Marcille,Varey,mvareyfc@google.de,Agender
554,Petronille,Lorenzo,plorenzofd@about.com,Female
555,Lemar,Geratasch,lgerataschfe@nih.gov,Male
556,Casandra,Slott,cslottff@earthlink.net,Female
557,Reed,Bernardelli,rbernardellifg@cpanel.net,Bigender
558,Caty,Kenworthy,ckenworthyfh@epa.gov,Female
559,Fairleigh,Mosdill,fmosdillfi@reference.com,Male
560,Constantino,Levane,clevanefj@domainmarket.com,Male
561,Coral,MacGahy,cmacgahyfk@fda.gov,Female
562,Trude,Oaker,toakerfl@meetup.com,Genderfluid
563,Hanny,Le Teve,hletevefm@miibeian.gov.cn,Female
564,Claire,Cabell,ccabellfn@usgs.gov,Female
565,Caressa,Riordan,criordanfo@springer.com,Female
566,Hillyer,Atwell,hatwellfp@dailymail.co.uk,Male
567,Salomo,Lapthorne,slapthornefq@sbwire.com,Male
568,Dita,Laffling,dlafflingfr@typepad.com,Female
569,Edita,Pridmore,epridmorefs@google.ru,Female
570,Allison,Peek,apeekft@trellian.com,Female
571,Benni,Peery,bpeeryfu@abc.net.au,Female
572,Calhoun,Borgars,cborgarsfv@prweb.com,Male
573,Rebecca,Newns,rnewnsfw@wikipedia.org,Female
574,Alexandros,Munt,amuntfx@rediff.com,Male
575,Alexandr,Maffetti,amaffettify@lulu.com,Male
576,Paddy,Woodroffe,pwoodroffefz@prlog.org,Male
577,Alec,Lupson,alupsong0@pen.io,Male
578,Demetris,Oselton,doseltong1@pinterest.com,Female
579,Verne,Vizard,vvizardg2@europa.eu,Male
580,Reynold,Peasgood,rpeasgoodg3@weebly.com,Male
581,Silva,Gethyn,sgethyng4@oakley.com,Female
582,Brok,Di Pietro,bdipietrog5@rakuten.co.jp,Male
583,Odele,Pleasaunce,opleasaunceg6@paginegialle.it,Female
584,Charin,Semered,csemeredg7@sbwire.com,Female
585,Marita,Grier,mgrierg8@latimes.com,Female
586,Avery,Hub,ahubg9@ftc.gov,Male
587,Gare,Annetts,gannettsga@aboutads.info,Male
588,Albertina,Mournian,amourniangb@t.co,Female
589,Jeniece,Marsland,jmarslandgc@cnet.com,Female
590,Spence,Hunting,shuntinggd@cafepress.com,Male
591,Sherm,Brittoner,sbrittonerge@sphinn.com,Male
592,Bear,Wybrew,bwybrewgf@yandex.ru,Male
593,Katerina,Foot,kfootgg@shutterfly.com,Non-binary
594,Delcine,Colborn,dcolborngh@wunderground.com,Female
595,Maddi,Crosskill,mcrosskillgi@csmonitor.com,Polygender
596,Alley,Hayesman,ahayesmangj@cargocollective.com,Male
597,Willard,Sunley,wsunleygk@abc.net.au,Male
598,Tamera,Farfull,tfarfullgl@census.gov,Female
599,Rad,Titt,rtittgm@thetimes.co.uk,Male
600,Lazarus,Kix,lkixgn@ucsd.edu,Polygender
601,Yalonda,Zealey,yzealeygo@google.com,Bigender
602,Rickard,Roiz,rroizgp@go.com,Agender
603,Stirling,Patsall,spatsallgq@house.gov,Male
604,Darya,Simons,dsimonsgr@usgs.gov,Female
605,Kaleb,Wittering,kwitteringgs@google.es,Male
606,Tove,Marris,tmarrisgt@blinklist.com,Female
607,Brittne,Chansonne,bchansonnegu@behance.net,Female
608,Yale,Filipic,yfilipicgv@cbsnews.com,Male
609,Lorelei,Oxenford,loxenfordgw@behance.net,Female
610,Lorant,Thieme,lthiemegx@moonfruit.com,Genderfluid
611,Ferrell,Iley,fileygy@is.gd,Male
612,Earlie,Tendahl,etendahlgz@constantcontact.com,Polygender
613,Jillane,Sumpton,jsumptonh0@cisco.com,Female
614,Hughie,Shenton,hshentonh1@xing.com,Male
615,Kerwin,Paddemore,kpaddemoreh2@businesswire.com,Male
616,Antonie,Broady,abroadyh3@examiner.com,Female
617,Cacilia,Alty,caltyh4@hao123.com,Non-binary
618,Rosemonde,Treves,rtrevesh5@cam.ac.uk,Female
619,Wallache,Oxbrow,woxbrowh6@virginia.edu,Male
620,Agnella,Dunsmore,adunsmoreh7@zimbio.com,Female
621,Lena,Wreiford,lwreifordh8@addthis.com,Female
622,Jamie,Nials,jnialsh9@exblog.jp,Male
623,Dougy,Arnold,darnoldha@ow.ly,Male
624,Clayson,Pettigree,cpettigreehb@kickstarter.com,Male
625,Dale,MacNeice,dmacneicehc@marriott.com,Non-binary
626,Aguistin,Hunte,ahuntehd@bandcamp.com,Male
627,Nikolia,Tadd,ntaddhe@people.com.cn,Female
628,Allistir,McTavish,amctavishhf@theguardian.com,Male
629,Noby,Prangnell,nprangnellhg@sitemeter.com,Male
630,Benedikta,Brandolini,bbrandolinihh@ucsd.edu,Bigender
631,Carlyn,Parkyns,cparkynshi@multiply.com,Female
632,Geoffry,Assante,gassantehj@oakley.com,Male
633,Aland,Sergent,asergenthk@dmoz.org,Male
634,Fiona,Orta,fortahl@ihg.com,Female
635,Tansy,Binfield,tbinfieldhm@photobucket.com,Female
636,Emogene,Ledgard,eledgardhn@nydailynews.com,Female
637,Davidson,Martinolli,dmartinolliho@facebook.com,Male
638,Ignatius,Biggerdike,ibiggerdikehp@noaa.gov,Male
639,Waylan,Carlan,wcarlanhq@t.co,Male
640,Olivie,Judson,ojudsonhr@theatlantic.com,Female
641,Kristian,Reisk,kreiskhs@nbcnews.com,Male
642,Cybil,Whear,cwhearht@issuu.com,Female
643,Juanita,Abbess,jabbesshu@ed.gov,Female
644,Shantee,Hunt,shunthv@1688.com,Female
645,Mikol,Stode,mstodehw@a8.net,Polygender
646,Binny,Pylkynyton,bpylkynytonhx@networksolutions.com,Female
647,Marshal,Greenhaugh,mgreenhaughhy@tinypic.com,Male
648,Teri,Ofer,toferhz@redcross.org,Female
649,Lyon,Llewelly,lllewellyi0@furl.net,Agender
650,Andria,McPhail,amcphaili1@cmu.edu,Female
651,Bonnie,Frayne,bfraynei2@goodreads.com,Female
652,Mauricio,Hazeldene,mhazeldenei3@toplist.cz,Male
653,Warner,Stimson,wstimsoni4@google.de,Male
654,Ellette,Vivyan,evivyani5@sogou.com,Female
655,Hakim,Anlay,hanlayi6@europa.eu,Male
656,Briggs,Olenchikov,bolenchikovi7@sphinn.com,Male
657,Urban,Matthesius,umatthesiusi8@nationalgeographic.com,Male
658,Clarabelle,McDell,cmcdelli9@taobao.com,Female
659,Georgy,Grayer,ggrayeria@surveymonkey.com,Male
660,Pepita,Priver,ppriverib@wordpress.org,Female
661,Silvain,Simenot,ssimenotic@wufoo.com,Male
662,Henryetta,Dudny,hdudnyid@pagesperso-orange.fr,Bigender
663,Andrej,Flanne,aflanneie@cisco.com,Male
664,Nariko,Ryal,nryalif@tamu.edu,Female
665,Yoko,Bouldon,ybouldonig@wikimedia.org,Female
666,Kellia,Myrkus,kmyrkusih@jugem.jp,Female
667,Alissa,Blaszczynski,ablaszczynskiii@people.com.cn,Female
668,Mehetabel,Castagnone,mcastagnoneij@zdnet.com,Female
669,Mandi,Kilshall,mkilshallik@yahoo.com,Bigender
670,Jarrod,Hannond,jhannondil@rakuten.co.jp,Male
671,Zebadiah,Abad,zabadim@google.nl,Male
672,Lenee,Maccrae,lmaccraein@comcast.net,Female
673,Junette,Roycroft,jroycroftio@posterous.com,Female
674,Samaria,Le Merchant,slemerchantip@ameblo.jp,Female
675,Max,Matei,mmateiiq@free.fr,Female
676,Gustav,Folling,gfollingir@webnode.com,Male
677,Idaline,Espinheira,iespinheirais@sciencedaily.com,Female
678,Waneta,Spare,wspareit@businessweek.com,Female
679,Liane,Krysztofowicz,lkrysztofowicziu@joomla.org,Female
680,Arvin,Keyson,akeysoniv@ask.com,Male
681,Amalita,Treadgear,atreadgeariw@hhs.gov,Female
682,Ruggiero,Bartholin,rbartholinix@ifeng.com,Male
683,Sergent,Alben,salbeniy@acquirethisname.com,Male
684,Lauren,Kington,lkingtoniz@soup.io,Female
685,Ulysses,Hynam,uhynamj0@booking.com,Male
686,Meris,Scrogges,mscroggesj1@ft.com,Agender
687,Odetta,Macci,omaccij2@plala.or.jp,Female
688,Patrizia,Frankis,pfrankisj3@360.cn,Female
689,Sheffy,Scarsbrick,sscarsbrickj4@eventbrite.com,Male
690,Bayard,Gianuzzi,bgianuzzij5@mapy.cz,Male
691,Abby,Axon,aaxonj6@i2i.jp,Female
692,Forrester,Thaxter,fthaxterj7@earthlink.net,Male
693,Cyb,Connor,cconnorj8@wikia.com,Female
694,Nealson,Laming,nlamingj9@infoseek.co.jp,Male
695,Cathryn,Sinnett,csinnettja@marriott.com,Female
696,Estel,Scholar,escholarjb@hao123.com,Female
697,Ayn,Brokenshire,abrokenshirejc@booking.com,Female
698,Giuditta,Storrier,gstorrierjd@ezinearticles.com,Female
699,Ker,Talman,ktalmanje@wikispaces.com,Male
700,Paxon,Affleck,paffleckjf@creativecommons.org,Male
701,Dorey,Snoden,dsnodenjg@wikipedia.org,Male
702,Maxy,Pellitt,mpellittjh@skyrock.com,Female
703,Currey,Feldhorn,cfeldhornji@wunderground.com,Agender
704,Oby,Heining,oheiningjj@creativecommons.org,Male
705,Colene,Dawidowitsch,cdawidowitschjk@github.io,Genderfluid
706,Dulcia,Samson,dsamsonjl@hibu.com,Female
707,Elysha,Domenicone,edomeniconejm@jugem.jp,Genderfluid
708,Rudolph,Maw,rmawjn@latimes.com,Male
709,Hersh,McGunley,hmcgunleyjo@studiopress.com,Male
710,Ralina,McGannon,rmcgannonjp@unesco.org,Agender
711,Retha,Dillicate,rdillicatejq@yellowpages.com,Female
712,Ruby,Ballance,rballancejr@mashable.com,Male
713,Rik,Hendricks,rhendricksjs@mapy.cz,Male
714,Ozzy,Pawden,opawdenjt@furl.net,Male
715,Giordano,Cuxon,gcuxonju@about.com,Male
716,Thornie,Karpmann,tkarpmannjv@github.io,Male
717,Randy,Skehens,rskehensjw@cmu.edu,Female
718,Rowen,Rodear,rrodearjx@amazon.co.uk,Male
719,Cherye,Whittock,cwhittockjy@home.pl,Female
720,Jeniffer,McPeake,jmcpeakejz@t.co,Non-binary
721,Barron,Fritchley,bfritchleyk0@dion.ne.jp,Male
722,Horatius,Batchelor,hbatchelork1@engadget.com,Male
723,Tedmund,Jayme,tjaymek2@cmu.edu,Male
724,Jordana,Lewens,jlewensk3@digg.com,Female
725,Roxie,Luttgert,rluttgertk4@ustream.tv,Female
726,Oriana,Lamberton,olambertonk5@ftc.gov,Female
727,Odelle,Rolles,orollesk6@msu.edu,Female
728,Vanya,Jenkerson,vjenkersonk7@shareasale.com,Male
729,Maribelle,Brownscombe,mbrownscombek8@nymag.com,Polygender
730,Nonie,Krol,nkrolk9@shinystat.com,Female
731,Harriet,Sambells,hsambellska@gnu.org,Female
732,Leodora,Pool,lpoolkb@flavors.me,Female
733,Abbe,Swinburn,aswinburnkc@google.com.hk,Male
734,Dalis,Hasnip,dhasnipkd@umn.edu,Male
735,Gilli,Gullane,ggullaneke@ca.gov,Female
736,Noel,Polglase,npolglasekf@qq.com,Female
737,Garreth,Lyle,glylekg@goo.gl,Male
738,Tabitha,McGiven,tmcgivenkh@mit.edu,Female
739,Candy,Voaden,cvoadenki@joomla.org,Female
740,Nevile,Challiss,nchallisskj@unc.edu,Male
741,Daile,Scading,dscadingkk@parallels.com,Female
742,Jordan,Keefe,jkeefekl@virginia.edu,Female
743,Ashleigh,Mocker,amockerkm@fc2.com,Female
744,Conan,Slater,cslaterkn@reference.com,Male
745,Danika,Wozencroft,dwozencroftko@storify.com,Female
746,Tiena,Klamman,tklammankp@networkadvertising.org,Genderqueer
747,Hayley,Hurburt,hhurburtkq@de.vu,Female
748,Broderic,Sandercroft,bsandercroftkr@multiply.com,Male
749,Drew,Phelit,dphelitks@dropbox.com,Male
750,Filmore,Rexworthy,frexworthykt@51.la,Male
751,Leontyne,Slott,lslottku@guardian.co.uk,Female
752,Shela,Quade,squadekv@studiopress.com,Female
753,Gracia,Newtown,gnewtownkw@java.com,Female
754,Virgina,Summerill,vsummerillkx@wisc.edu,Female
755,Alane,Caple,acapleky@merriam-webster.com,Female
756,Jenny,Bransom,jbransomkz@altervista.org,Female
757,Forrester,Yole,fyolel0@forbes.com,Male
758,Idaline,Keynes,ikeynesl1@ihg.com,Female
759,Dyanne,Dumphrey,ddumphreyl2@admin.ch,Female
760,Josias,McColm,jmccolml3@yahoo.co.jp,Male
761,Judah,Boater,jboaterl4@mapy.cz,Male
762,Didi,Ruck,druckl5@comcast.net,Female
763,Kingsley,Schankel,kschankell6@columbia.edu,Agender
764,Laurens,Camm,lcamml7@prweb.com,Male
765,Abba,Cullerne,acullernel8@storify.com,Non-binary
766,Myrvyn,Lingner,mlingnerl9@virginia.edu,Male
767,Gloria,Drysdall,gdrysdallla@hexun.com,Female
768,Ev,Pigeon,epigeonlb@addthis.com,Male
769,Egbert,Spellward,espellwardlc@elegantthemes.com,Male
770,Colby,Blodg,cblodgld@jalbum.net,Male
771,Kylen,Sorrel,ksorrelle@gmpg.org,Female
772,Keelia,Ponsford,kponsfordlf@virginia.edu,Female
773,Annis,Berthe,aberthelg@google.es,Female
774,Rowen,Davidge,rdavidgelh@whitehouse.gov,Male
775,Serene,Matyasik,smatyasikli@barnesandnoble.com,Female
776,Rafaelia,Slucock,rslucocklj@ibm.com,Female
777,Pauli,Twiddell,ptwiddelllk@parallels.com,Female
778,Quintus,MacNamee,qmacnameell@irs.gov,Male
779,Gibbie,Klossek,gklosseklm@ask.com,Male
780,Wally,Tape,wtapeln@accuweather.com,Male
781,Nealon,Aspray,naspraylo@shareasale.com,Male
782,Yasmin,Hewertson,yhewertsonlp@eepurl.com,Female
783,Zonnya,Laraway,zlarawaylq@exblog.jp,Female
784,Shalna,Vickers,svickerslr@reddit.com,Female
785,Edythe,Hunnawill,ehunnawillls@intel.com,Female
786,Jecho,Philler,jphillerlt@scientificamerican.com,Male
787,Meggi,Crum,mcrumlu@si.edu,Female
788,Ashlie,Brisbane,abrisbanelv@google.co.jp,Genderfluid
789,Adrianne,Copyn,acopynlw@so-net.ne.jp,Female
790,Matias,M'Chirrie,mmchirrielx@weebly.com,Male
791,Ban,Blanc,bblancly@icq.com,Male
792,Johann,Lardge,jlardgelz@usatoday.com,Polygender
793,Murvyn,Maytom,mmaytomm0@biblegateway.com,Male
794,Carly,Blackbourn,cblackbournm1@walmart.com,Female
795,Eran,Aldgate,ealdgatem2@simplemachines.org,Female
796,Sam,Byne,sbynem3@redcross.org,Female
797,Georgena,Chamley,gchamleym4@shop-pro.jp,Female
798,Bab,Keighly,bkeighlym5@photobucket.com,Female
799,Van,Kieff,vkieffm6@topsy.com,Male
800,Torr,Meys,tmeysm7@who.int,Male
801,Esma,Heffron,eheffronm8@examiner.com,Female
802,Debera,Malyj,dmalyjm9@live.com,Female
803,Ximenes,Itzcak,xitzcakma@lycos.com,Male
804,Margalo,Clutten,mcluttenmb@baidu.com,Female
805,Dana,Gately,dgatelymc@xrea.com,Male
806,Welbie,Andrzejak,wandrzejakmd@cloudflare.com,Male
807,Ezechiel,Gristock,egristockme@ehow.com,Male
808,Jsandye,Kiernan,jkiernanmf@opensource.org,Female
809,Andrea,Lummasana,alummasanamg@adobe.com,Male
810,Gabe,Mordie,gmordiemh@biglobe.ne.jp,Male
811,Hubert,Kauscher,hkauschermi@wordpress.org,Male
812,Lucita,Sapir,lsapirmj@ezinearticles.com,Female
813,Larine,Crosbie,lcrosbiemk@google.pl,Female
814,Jarid,Recke,jreckeml@booking.com,Genderfluid
815,Alvinia,Luberti,alubertimm@google.cn,Female
816,Garey,Banfill,gbanfillmn@livejournal.com,Male
817,Paddy,Gairdner,pgairdnermo@uol.com.br,Male
818,Jori,Purton,jpurtonmp@soundcloud.com,Female
819,Seth,Dudmarsh,sdudmarshmq@sakura.ne.jp,Male
820,Algernon,Rubega,arubegamr@usda.gov,Male
821,Dedie,Sumshon,dsumshonms@rambler.ru,Female
822,Edvard,Seely,eseelymt@baidu.com,Male
823,Dorene,Rablen,drablenmu@smugmug.com,Female
824,Gale,Mauser,gmausermv@jiathis.com,Female
825,Hal,Dowyer,hdowyermw@tiny.cc,Male
826,Pavel,Deem,pdeemmx@archive.org,Polygender
827,Carlene,Spivey,cspiveymy@topsy.com,Bigender
828,Bar,Pyson,bpysonmz@a8.net,Male
829,Salvatore,Sinney,ssinneyn0@psu.edu,Male
830,Galen,Haygreen,ghaygreenn1@jugem.jp,Male
831,Matelda,McQueen,mmcqueenn2@chicagotribune.com,Female
832,Filbert,Towndrow,ftowndrown3@google.co.jp,Male
833,Myrle,Learman,mlearmann4@hubpages.com,Female
834,Hastie,Varne,hvarnen5@taobao.com,Male
835,Hershel,Cicero,hciceron6@youtu.be,Male
836,Maddie,Royans,mroyansn7@unesco.org,Female
837,Anthiathia,Farey,afareyn8@tripadvisor.com,Agender
838,Ricki,Cumine,rcuminen9@dagondesign.com,Female
839,Rutger,Bails,rbailsna@howstuffworks.com,Male
840,Madella,Skedgell,mskedgellnb@usda.gov,Non-binary
841,Elga,Andren,eandrennc@reference.com,Female
842,Cinda,Theakston,ctheakstonnd@salon.com,Female
843,Terri,Bleasby,tbleasbyne@mayoclinic.com,Female
844,Donovan,Georgeson,dgeorgesonnf@newsvine.com,Male
845,Jereme,Tomkin,jtomkinng@biglobe.ne.jp,Male
846,Frederico,Bengoechea,fbengoecheanh@miibeian.gov.cn,Male
847,Fielding,Palethorpe,fpalethorpeni@thetimes.co.uk,Male
848,Papagena,Stuchburie,pstuchburienj@hubpages.com,Female
849,Meir,Byres,mbyresnk@cocolog-nifty.com,Male
850,Vergil,D'Errico,vderriconl@examiner.com,Male
851,Konrad,Ames,kamesnm@lycos.com,Male
852,Sadella,Goligly,sgoliglynn@google.fr,Female
853,Burlie,Penvarne,bpenvarneno@mlb.com,Male
854,Bab,Baynon,bbaynonnp@rakuten.co.jp,Polygender
855,Thorndike,Carlon,tcarlonnq@stumbleupon.com,Male
856,Bernetta,Bend,bbendnr@slate.com,Female
857,Leia,Takis,ltakisns@tmall.com,Female
858,Eyde,Fitzmaurice,efitzmauricent@geocities.jp,Agender
859,De witt,Cassy,dcassynu@wikia.com,Male
860,Nanette,Blown,nblownnv@wix.com,Female
861,Korney,Mantram,kmantramnw@angelfire.com,Female
862,Meir,Lantry,mlantrynx@1und1.de,Male
863,Danika,Gatheral,dgatheralny@telegraph.co.uk,Female
864,Margaretha,Marskell,mmarskellnz@mapquest.com,Female
865,Minor,Whitcomb,mwhitcombo0@theguardian.com,Male
866,Anett,Eloy,aeloyo1@hubpages.com,Female
867,Pascale,Bouts,pboutso2@a8.net,Male
868,Murdoch,Akam,makamo3@usatoday.com,Male
869,Matias,Kew,mkewo4@cnet.com,Male
870,Derwin,Bee,dbeeo5@hostgator.com,Male
871,Shea,Oglesbee,soglesbeeo6@dell.com,Female
872,Roxine,Gaythor,rgaythoro7@printfriendly.com,Female
873,Trey,Pratchett,tpratchetto8@omniture.com,Genderqueer
874,Monica,Kleinsinger,mkleinsingero9@quantcast.com,Female
875,Bertram,Gleader,bgleaderoa@ycombinator.com,Male
876,Megen,Beach,mbeachob@discuz.net,Female
877,Christiane,Brockie,cbrockieoc@wisc.edu,Female
878,Tiffie,Bonsall,tbonsallod@blogger.com,Genderfluid
879,Claudetta,Pinching,cpinchingoe@google.co.jp,Agender
880,Meriel,Greaser,mgreaserof@goo.gl,Female
881,Ola,Pollard,opollardog@marketwatch.com,Female
882,Teodoor,Mac Giany,tmacgianyoh@typepad.com,Male
883,Piotr,Broadfoot,pbroadfootoi@wikipedia.org,Genderfluid
884,Trixi,Palffy,tpalffyoj@google.de,Female
885,Katuscha,Archdeckne,karchdeckneok@cmu.edu,Female
886,Benedikta,Hamblin,bhamblinol@narod.ru,Female
887,Bartlett,Downage,bdownageom@aboutads.info,Male
888,Mandel,Terry,mterryon@linkedin.com,Male
889,Lay,Paty,lpatyoo@yolasite.com,Male
890,Sidoney,Silkston,ssilkstonop@cloudflare.com,Female
891,Desdemona,Newcombe,dnewcombeoq@huffingtonpost.com,Female
892,Rivkah,Tighe,rtigheor@tinyurl.com,Female
893,Coleen,Zoppie,czoppieos@nationalgeographic.com,Female
894,Franzen,Bontoft,fbontoftot@ehow.com,Male
895,Ardath,Mansford,amansfordou@washingtonpost.com,Genderfluid
896,Estella,Snar,esnarov@netvibes.com,Female
897,Livvy,Bolesma,lbolesmaow@vistaprint.com,Female
898,Rivkah,Suttie,rsuttieox@twitter.com,Female
899,Zuzana,Snassell,zsnasselloy@cnet.com,Female
900,Haydon,Brotherwood,hbrotherwoodoz@howstuffworks.com,Male
901,Ame,McWilliam,amcwilliamp0@flickr.com,Female
902,Tessie,Slot,tslotp1@indiatimes.com,Female
903,Lanita,Basey,lbaseyp2@cocolog-nifty.com,Female
904,Shirlene,Sabin,ssabinp3@indiatimes.com,Female
905,Gracie,Frostick,gfrostickp4@auda.org.au,Female
906,Darnall,Toyne,dtoynep5@google.co.uk,Male
907,Charin,Iggo,ciggop6@acquirethisname.com,Female
908,Veronike,Wisham,vwishamp7@jigsy.com,Female
909,Lionel,Cheng,lchengp8@nifty.com,Male
910,Nikaniki,Clampton,nclamptonp9@clickbank.net,Genderqueer
911,Matthus,Elsegood,melsegoodpa@skype.com,Male
912,Shaughn,Huster,shusterpb@scientificamerican.com,Male
913,Kimbell,Ramelot,kramelotpc@redcross.org,Male
914,Dorie,Daviot,ddaviotpd@blinklist.com,Male
915,Lynea,Escoffrey,lescoffreype@prnewswire.com,Female
916,Tory,Chessil,tchessilpf@youtube.com,Female
917,Portie,Deane,pdeanepg@adobe.com,Male
918,Herb,Gatecliff,hgatecliffph@themeforest.net,Male
919,Wang,Shenley,wshenleypi@google.com.au,Male
920,Rosene,Merigot,rmerigotpj@behance.net,Female
921,Adela,Whittall,awhittallpk@1688.com,Female
922,Glyn,Lau,glaupl@dailymotion.com,Male
923,Urban,Quincey,uquinceypm@ocn.ne.jp,Male
924,Dyane,Lacroutz,dlacroutzpn@cdbaby.com,Female
925,Aline,Tripcony,atripconypo@marketwatch.com,Female
926,Perle,Barlee,pbarleepp@parallels.com,Female
927,Sheri,Figliovanni,sfigliovannipq@surveymonkey.com,Female
928,Emery,Winterborne,ewinterbornepr@liveinternet.ru,Male
929,Gery,Hymer,ghymerps@flavors.me,Male
930,Richart,McGaugan,rmcgauganpt@g.co,Male
931,Abagael,Land,alandpu@about.me,Female
932,Arron,Rogerson,arogersonpv@twitter.com,Male
933,Marylinda,Morit,mmoritpw@symantec.com,Female
934,Patin,Harte,phartepx@privacy.gov.au,Male
935,Winni,Predohl,wpredohlpy@ovh.net,Female
936,Daryn,Bisiker,dbisikerpz@netscape.com,Female
937,Leonerd,Alcock,lalcockq0@dedecms.com,Male
938,Saudra,Triplet,stripletq1@marketwatch.com,Female
939,Drud,Pol,dpolq2@kickstarter.com,Male
940,Marmaduke,Kunrad,mkunradq3@nydailynews.com,Male
941,Morganica,Olivello,molivelloq4@sourceforge.net,Female
942,Marlane,Waslin,mwaslinq5@dion.ne.jp,Female
943,Erica,Osgerby,eosgerbyq6@qq.com,Genderfluid
944,Kelli,Trenear,ktrenearq7@census.gov,Female
945,Nady,Patters,npattersq8@apache.org,Female
946,Howard,Duddell,hduddellq9@ucsd.edu,Male
947,Kizzie,Lesmonde,klesmondeqa@about.com,Agender
948,Clyve,Gulland,cgullandqb@pagesperso-orange.fr,Male
949,Ruy,Filipczak,rfilipczakqc@icio.us,Male
950,Gordy,Prangle,gprangleqd@dedecms.com,Male
951,Farly,Wasbrough,fwasbroughqe@cmu.edu,Male
952,Briney,Somerlie,bsomerlieqf@rakuten.co.jp,Female
953,Truman,Eisold,teisoldqg@sun.com,Polygender
954,Blondy,Faires,bfairesqh@cdc.gov,Female
955,Yance,Killner,ykillnerqi@cornell.edu,Male
956,Kailey,Spacey,kspaceyqj@sfgate.com,Female
957,Brice,Featherbie,bfeatherbieqk@house.gov,Male
958,Nikolai,McPeice,nmcpeiceql@free.fr,Male
959,Ramsay,Simonou,rsimonouqm@cbslocal.com,Male
960,Ely,Teasdale,eteasdaleqn@squarespace.com,Male
961,Burnaby,Kohrding,bkohrdingqo@bluehost.com,Male
962,Lowell,Spelwood,lspelwoodqp@bbb.org,Male
963,Marthena,Hamlington,mhamlingtonqq@google.nl,Female
964,Isidro,Thieme,ithiemeqr@simplemachines.org,Male
965,Caddric,McPhelimey,cmcphelimeyqs@state.tx.us,Male
966,Bria,Dmitrichenko,bdmitrichenkoqt@livejournal.com,Female
967,Leopold,Coit,lcoitqu@jigsy.com,Male
968,Bevon,Charles,bcharlesqv@networksolutions.com,Male
969,Collette,Birchett,cbirchettqw@bluehost.com,Female
970,Stanton,Howman,showmanqx@chronoengine.com,Genderfluid
971,Aurelia,Podmore,apodmoreqy@vistaprint.com,Female
972,Shaylynn,Tanner,stannerqz@cargocollective.com,Female
973,Jdavie,Westmore,jwestmorer0@unesco.org,Male
974,Charleen,Gaskins,cgaskinsr1@tamu.edu,Female
975,Beth,Sprosson,bsprossonr2@naver.com,Female
976,Levi,Catonne,lcatonner3@howstuffworks.com,Male
977,Martainn,Aburrow,maburrowr4@craigslist.org,Genderqueer
978,Chelsea,Jeffry,cjeffryr5@mac.com,Female
979,Tobias,Trosdall,ttrosdallr6@blog.com,Male
980,Reese,Lorimer,rlorimerr7@webnode.com,Polygender
981,Daffy,Toke,dtoker8@smh.com.au,Female
982,Edgardo,Jacobsson,ejacobssonr9@themeforest.net,Male
983,Helaine,Gallanders,hgallandersra@moonfruit.com,Female
984,Michale,Lockart,mlockartrb@mail.ru,Male
985,Paton,Perri,pperrirc@wordpress.com,Male
986,Bianka,Girault,bgiraultrd@netlog.com,Female
987,Thayne,McGiffie,tmcgiffiere@histats.com,Male
988,Allys,Roget,arogetrf@seattletimes.com,Female
989,Elsy,Burnet,eburnetrg@blog.com,Female
990,Ester,Sangwine,esangwinerh@ucla.edu,Female
991,Marlowe,Luetkemeyers,mluetkemeyersri@spiegel.de,Male
992,Kellina,MacShane,kmacshanerj@marketwatch.com,Female
993,Alberik,Duplan,aduplanrk@behance.net,Male
994,Lusa,Luney,lluneyrl@google.com.au,Female
995,Dane,Flude,dfluderm@myspace.com,Male
996,Ravid,Whitaker,rwhitakerrn@un.org,Male
997,Blanca,Dablin,bdablinro@drupal.org,Female
998,Nicola,Gerrie,ngerrierp@google.com,Female
999,Mervin,Reinbach,mreinbachrq@shinystat.com,Male
1000,Giorgia,Leadstone,gleadstonerr@blogtalkradio.com,Female
